Age,Income,Student,Credit_Rating,Buys_Computer
56,32784,No,Fair,No
69,70844,No,Fair,Yes
46,37171,No,Fair,No
32,34594,No,Excellent,Yes
60,63242,No,Fair,Yes
25,43260,No,Fair,Yes
38,56279,Yes,Fair,Yes
56,39077,No,Fair,No
36,22971,No,Excellent,Yes
40,57015,No,Fair,No
28,26728,No,Fair,Yes
28,42342,No,Excellent,Yes
41,39005,No,Excellent,Yes
53,52930,Yes,Fair,No
57,41660,Yes,Excellent,No
41,48083,No,Excellent,No
20,26591,Yes,Fair,Yes
39,80005,No,Excellent,No
19,31998,No,Excellent,Yes
41,68020,Yes,Fair,Yes
61,52247,Yes,Fair,No
47,52113,Yes,Fair,No
55,55316,No,Excellent,Yes
19,21795,No,Excellent,No
38,64495,Yes,Excellent,Yes
50,42335,No,Fair,Yes
29,68155,No,Excellent,Yes
39,47731,Yes,Excellent,Yes
61,44382,No,Fair,No
42,30631,No,Fair,No
66,38517,Yes,Excellent,Yes
44,56334,Yes,Fair,No
59,30381,Yes,Excellent,Yes
45,20141,Yes,Fair,No
33,37136,No,Fair,No
32,62600,No,Fair,Yes
64,76719,Yes,Fair,Yes
68,39838,Yes,Excellent,Yes
61,26767,Yes,Fair,No
69,44853,Yes,Excellent,No
20,52757,No,Excellent,Yes
54,58668,Yes,Excellent,Yes
68,82019,Yes,Fair,Yes
24,53402,Yes,Excellent,Yes
38,74831,No,Excellent,Yes
26,43056,Yes,Fair,Yes
56,51298,No,Fair,No
35,41106,Yes,Excellent,Yes
21,39799,No,Excellent,Yes
42,46048,No,Fair,No
31,45790,Yes,Excellent,Yes
67,40940,No,Excellent,No
26,41761,No,Excellent,No
43,66451,No,Excellent,No
19,81696,No,Excellent,Yes
37,42523,No,Fair,No
45,45134,No,Fair,No
64,57869,No,Fair,No
24,97805,Yes,Excellent,Yes
61,51262,No,Excellent,Yes
25,64589,Yes,Fair,No
64,73167,No,Excellent,Yes
52,55161,Yes,Excellent,Yes
31,63893,Yes,Excellent,Yes
34,59117,Yes,Fair,No
53,65487,No,Excellent,Yes
67,34483,Yes,Fair,No
57,53064,Yes,Fair,No
21,57218,Yes,Fair,Yes
19,57005,No,Fair,No
23,67055,No,Fair,Yes
59,56703,No,Excellent,Yes
21,32825,No,Fair,No
46,58869,No,Excellent,No
35,36753,No,Fair,No
43,39509,Yes,Excellent,Yes
61,43722,Yes,Excellent,Yes
51,48328,Yes,Fair,Yes
27,26844,Yes,Fair,Yes
53,66753,No,Fair,Yes
31,32667,No,Excellent,Yes
48,73551,Yes,Excellent,Yes
65,33125,No,Fair,No
32,69228,No,Excellent,Yes
25,49573,Yes,Fair,Yes
31,24253,No,Fair,No
40,34355,No,Excellent,Yes
57,69897,Yes,Fair,No
38,56729,No,Excellent,No
33,48819,No,Fair,Yes
62,16748,No,Excellent,No
35,70843,No,Fair,No
64,78056,No,Fair,No
41,75320,No,Excellent,Yes
43,40771,Yes,Fair,Yes
42,55741,Yes,Excellent,Yes
62,57382,Yes,Excellent,Yes
58,27088,No,Excellent,No
46,52707,Yes,Excellent,No
32,66065,No,Excellent,Yes
62,61467,No,Excellent,No
18,33332,No,Excellent,Yes
42,37060,No,Excellent,Yes
24,61858,No,Fair,No
26,59492,No,Fair,Yes
41,16187,No,Excellent,Yes
18,13151,No,Fair,Yes
61,48852,Yes,Fair,Yes
25,41155,Yes,Fair,No
41,45525,No,Fair,No
28,43830,No,Excellent,No
68,64760,Yes,Excellent,Yes
34,51553,No,Fair,No
25,54014,No,Excellent,Yes
52,29865,No,Excellent,No
52,-461,No,Fair,Yes
50,66853,No,Excellent,No
22,82148,No,Fair,No
59,44861,No,Fair,No
56,53739,No,Excellent,No
58,54867,No,Fair,No
45,75129,No,Excellent,No
24,63334,Yes,Excellent,Yes
26,57440,No,Fair,No
25,50833,Yes,Excellent,Yes
29,50903,Yes,Excellent,Yes
51,28408,No,Fair,Yes
50,44247,No,Excellent,No
65,63293,No,Excellent,Yes
40,46494,Yes,Excellent,Yes
41,50665,No,Excellent,No
54,32358,No,Fair,No
52,56682,No,Excellent,Yes
61,28073,No,Excellent,No
57,54348,No,Excellent,Yes
39,47191,Yes,Excellent,Yes
44,23850,No,Excellent,No
52,66042,Yes,Fair,Yes
18,47542,Yes,Excellent,Yes
52,77911,No,Excellent,Yes
54,72173,Yes,Excellent,Yes
64,36807,No,Excellent,Yes
31,38124,Yes,Fair,Yes
20,32420,No,Fair,No
18,26203,Yes,Fair,Yes
22,43667,No,Fair,Yes
43,71656,No,Excellent,Yes
31,21276,Yes,Excellent,Yes
56,62779,No,Excellent,Yes
44,61525,No,Fair,No
26,58320,No,Excellent,Yes
32,60997,Yes,Fair,Yes
32,33436,No,Fair,No
43,61423,No,Excellent,No
59,41761,No,Excellent,No
30,13112,No,Fair,Yes
68,50861,No,Fair,Yes
49,37338,Yes,Fair,Yes
56,70382,No,Fair,Yes
66,45704,No,Excellent,No
69,50684,Yes,Fair,No
49,55837,No,Excellent,No
21,45988,No,Fair,No
47,48442,No,Fair,No
54,62653,No,Fair,No
40,34005,No,Fair,No
56,39472,No,Fair,No
62,35493,No,Fair,No
32,71551,Yes,Excellent,Yes
60,39474,No,Fair,No
46,47850,No,Excellent,No
53,40990,No,Fair,Yes
30,45377,Yes,Excellent,Yes
49,38938,Yes,Excellent,Yes
24,56940,Yes,Excellent,Yes
68,34387,Yes,Excellent,Yes
39,29713,No,Excellent,No
45,41623,Yes,Excellent,Yes
19,38026,No,Excellent,No
59,29932,No,Excellent,Yes
62,45149,No,Fair,No
23,25098,No,Fair,No
45,75916,No,Excellent,Yes
45,27610,No,Excellent,Yes
61,40305,No,Excellent,Yes
61,43946,Yes,Excellent,Yes
37,75270,No,Excellent,Yes
47,24045,Yes,Fair,No
28,52130,Yes,Fair,Yes
45,65557,No,Fair,Yes
42,45353,Yes,Fair,Yes
56,32452,No,Excellent,Yes
50,48380,No,Fair,No
18,72906,No,Excellent,Yes
44,40763,No,Fair,No
69,71542,No,Excellent,No
30,53880,No,Excellent,No
58,68487,Yes,Fair,No
20,53280,No,Excellent,Yes
56,42734,Yes,Fair,No
23,74582,No,Fair,Yes
25,53378,Yes,Fair,Yes
44,52496,No,Fair,No
26,62113,Yes,Fair,No
54,63862,No,Excellent,No
50,62192,No,Excellent,Yes
68,29739,No,Excellent,Yes
59,40441,Yes,Fair,No
61,40152,No,Excellent,Yes
41,38313,No,Fair,No
32,36918,Yes,Fair,No
49,39934,Yes,Excellent,Yes
49,55039,No,Fair,No
41,57416,No,Excellent,No
58,49975,No,Excellent,Yes
69,43609,No,Fair,No
66,69131,Yes,Fair,Yes
66,48626,Yes,Fair,No
69,64056,Yes,Excellent,Yes
29,41460,No,Fair,No
56,56205,Yes,Fair,Yes
19,70131,Yes,Fair,Yes
20,10868,Yes,Excellent,Yes
66,40173,No,Fair,No
54,58906,No,Fair,No
66,68192,No,Excellent,No
34,53046,No,Excellent,Yes
66,50743,No,Fair,Yes
19,74158,Yes,Fair,Yes
19,69109,No,Fair,Yes
45,36971,No,Excellent,No
40,51746,No,Fair,No
54,55402,No,Excellent,No
49,75778,No,Excellent,No
50,62991,No,Excellent,No
18,48446,No,Fair,Yes
36,53301,No,Excellent,No
19,21741,No,Excellent,Yes
61,64529,No,Excellent,No
43,59685,Yes,Fair,Yes
49,68182,No,Excellent,Yes
23,47839,Yes,Fair,Yes
49,51920,No,Fair,No
21,42779,No,Fair,No
28,32779,No,Excellent,No
34,40966,No,Fair,Yes
55,22710,Yes,Fair,No
41,63719,Yes,Fair,Yes
22,17376,No,Fair,Yes
69,80482,Yes,Excellent,Yes
51,23538,Yes,Excellent,Yes
23,72498,No,Fair,Yes
39,36379,No,Fair,No
28,58415,No,Excellent,Yes
65,38713,Yes,Fair,No
33,75106,No,Fair,Yes
50,50655,No,Excellent,Yes
26,66105,No,Excellent,Yes
23,51140,No,Fair,Yes
33,55294,Yes,Excellent,Yes
46,59241,No,Fair,No
20,42069,No,Excellent,Yes
37,30795,No,Fair,No
53,30475,No,Fair,Yes
36,50762,No,Fair,Yes
43,42670,No,Excellent,Yes
20,17812,No,Excellent,No
36,57694,No,Fair,Yes
37,31722,No,Fair,No
49,32595,No,Excellent,No
24,49375,No,Fair,Yes
69,36498,No,Fair,Yes
58,51837,No,Excellent,Yes
50,79601,No,Fair,No
57,44314,No,Excellent,No
56,34106,No,Excellent,No
35,52722,No,Fair,Yes
57,38371,Yes,Fair,No
18,50356,Yes,Fair,Yes
28,54734,Yes,Excellent,Yes
45,49472,No,Excellent,No
42,50848,Yes,Excellent,Yes
67,52881,Yes,Fair,Yes
40,73956,Yes,Excellent,Yes
48,46206,Yes,Excellent,Yes
47,51911,Yes,Excellent,No
59,63002,No,Excellent,No
52,57065,No,Excellent,No
24,44626,Yes,Excellent,Yes
33,63527,Yes,Excellent,Yes
43,36931,Yes,Fair,Yes
65,46598,Yes,Fair,No
69,38433,No,Excellent,Yes
66,58642,No,Fair,No
19,67843,Yes,Excellent,Yes
18,53350,No,Excellent,Yes
65,51128,Yes,Excellent,No
29,36874,No,Fair,Yes
22,39461,No,Fair,No
54,32101,No,Fair,No
49,17349,Yes,Excellent,Yes
26,44134,No,Excellent,Yes
58,45528,Yes,Excellent,Yes
52,82592,Yes,Fair,No
36,73442,Yes,Excellent,Yes
65,58334,Yes,Excellent,Yes
33,81267,No,Fair,Yes
20,70863,No,Excellent,Yes
37,19886,Yes,Fair,Yes
41,66011,No,Fair,No
50,60671,No,Excellent,No
41,45659,No,Fair,No
69,28771,No,Excellent,Yes
28,58931,No,Excellent,No
66,18813,No,Excellent,No
25,49677,No,Fair,No
53,40743,Yes,Excellent,No
55,31117,No,Excellent,Yes
57,67832,No,Excellent,Yes
37,49380,Yes,Fair,No
52,52609,No,Fair,No
65,63618,Yes,Excellent,Yes
42,49868,Yes,Fair,No
52,56771,Yes,Excellent,No
42,62237,Yes,Excellent,Yes
46,58501,No,Excellent,No
35,54289,No,Excellent,Yes
63,76746,No,Excellent,Yes
35,68629,No,Excellent,Yes
19,48713,Yes,Excellent,No
52,36354,No,Excellent,No
33,59579,No,Fair,No
58,53237,No,Fair,Yes
53,75634,Yes,Excellent,Yes
50,64812,No,Fair,No
21,61463,No,Fair,No
50,50194,No,Fair,No
31,36864,No,Excellent,No
38,47030,No,Excellent,No
65,57152,No,Excellent,No
37,24056,No,Excellent,Yes
25,68625,Yes,Excellent,Yes
24,81005,No,Fair,Yes
20,20825,No,Excellent,No
34,28996,No,Fair,Yes
50,53444,Yes,Excellent,Yes
65,41261,Yes,Excellent,No
29,53913,No,Fair,Yes
68,48924,Yes,Fair,Yes
39,34642,No,Fair,Yes
39,69326,Yes,Fair,Yes
63,56967,Yes,Fair,Yes
47,41603,No,Excellent,Yes
55,72575,No,Excellent,Yes
55,42373,Yes,Excellent,No
62,31372,Yes,Excellent,Yes
68,52752,Yes,Excellent,No
25,55297,No,Excellent,Yes
44,57978,Yes,Fair,Yes
44,60445,No,Excellent,No
51,57741,No,Fair,Yes
38,57132,Yes,Excellent,Yes
47,41393,No,Excellent,No
50,39788,No,Excellent,No
45,61135,Yes,Fair,Yes
64,53651,No,Excellent,Yes
50,62303,No,Excellent,No
22,24390,No,Fair,Yes
65,42488,No,Fair,No
36,78605,No,Excellent,No
21,58287,No,Fair,No
52,54433,No,Excellent,Yes
66,60618,No,Fair,No
34,83126,No,Fair,No
61,79970,No,Excellent,Yes
45,26307,Yes,Fair,Yes
47,31842,Yes,Excellent,No
46,25798,Yes,Fair,Yes
63,38793,Yes,Fair,Yes
23,50823,Yes,Excellent,Yes
52,53630,No,Excellent,No
58,27042,Yes,Excellent,No
54,21989,No,Excellent,No
41,38528,Yes,Excellent,Yes
46,63742,No,Fair,Yes
66,66355,No,Fair,No
63,75587,No,Excellent,Yes
48,49515,No,Excellent,Yes
52,62422,Yes,Excellent,Yes
50,65148,No,Fair,No
69,42547,Yes,Fair,No
38,55817,No,Excellent,No
49,59880,Yes,Excellent,No
40,36362,No,Excellent,Yes
50,74631,No,Excellent,Yes
20,49417,Yes,Excellent,No
35,51305,Yes,Fair,Yes
42,35789,Yes,Fair,No
59,38308,Yes,Fair,No
48,17052,No,Fair,No
