study_hours,sleep_hours,practice_tests,exam_score
4.370861069626263,5.555398786515859,3,81.14604363898498
9.556428757689245,6.625702842135075,2,100.0
7.587945476302646,7.618837507629225,3,100.0
6.387926357773329,7.196674659228684,5,100.0
2.4041677639819286,7.419683443584349,1,67.63418730010541
2.403950683025824,6.9763501001321515,5,79.71856310387749
1.5227525095137953,7.076829693553558,1,68.59119756055664
8.795585311974417,7.547586954695958,0,100.0
6.41003510568888,5.749004026577558,4,98.7737113886049
7.372653200164409,6.468274890929422,5,100.0
1.185260448662222,5.663628325458807,3,70.89755815600077
9.72918866945795,7.9630040239899404,0,100.0
8.491983767203795,7.83217801905984,4,100.0
2.9110519961044856,5.118280434105518,3,73.34715221595816
2.636424704863906,7.116725517547065,2,70.78012604976945
2.650640588680904,7.775744952246997,3,73.5670855576355
3.7381801866358395,5.541726035382,1,67.54280865404449
5.72280788469014,6.703835691657888,1,85.3787660249284
4.887505167779041,7.746464892764125,2,81.35449835372307
3.6210622617823773,5.101837935757397,0,64.90754039516604
6.506676052501415,7.09226080174052,4,98.06379423139346
2.2554447458683766,5.892047022117652,3,64.14489227279749
3.629301836816963,7.773188586129591,1,79.02982549247601
4.297256589643226,7.913174735496103,0,70.08296791788791
5.104629857953324,7.832799467340301,2,86.9566310504489
8.066583652537123,6.422642649972391,5,100.0
2.7970640394252375,7.58612795296794,1,73.7717612636075
5.628109945722504,7.5336481956052115,2,89.08280371265325
6.331731119758382,5.957301419729767,3,98.62698232975116
1.4180537144799796,7.486746422452033,4,74.71271206200947
6.467903667112945,5.111022904146478,1,88.72240134158866
2.5347171131856236,6.788809635446159,1,67.08081641020956
1.5854643368675156,5.690026511863109,3,68.6696451266322
9.539969835279999,5.361700657331836,5,100.0
9.690688297671034,5.230859604887628,0,98.2020753240615
8.275576133048151,7.0888663276344195,4,100.0
3.741523922560336,6.019624891304199,1,76.6894297428225
1.8790490260574548,7.174300314586285,4,73.51715719888495
7.158097238609412,5.196069022396827,1,82.69794323788314
4.961372443656412,5.945871013491831,4,89.46532520640284
2.0983441136030097,6.618473877126012,2,72.69467583034108
5.456592191001432,7.372169494516891,1,80.97296264936502
1.3094966900369656,5.9562575087962095,4,72.47065815960926
9.18388361870904,6.8776741293110275,0,100.0
3.3290198344001523,7.657933244708561,2,71.14047688407197
6.962700559185838,6.847589564546913,2,91.69981602780271
3.8053996848046987,5.698878424260902,0,69.23726893035031
5.680612190600297,5.073202344669614,4,90.01059364163501
5.920392514089517,7.61029662170279,3,91.5931530195492
2.6636900997297435,5.063808232551161,0,61.05505855300449
9.726261649881026,7.624105018052598,4,100.0
7.976195410250031,6.586811402081636,0,92.73192245983671
9.455490474077703,7.817203095538689,0,100.0
9.053446153848839,7.396349707320996,1,100.0
6.381099809299767,7.993802331600012,4,100.0
9.296868115208051,6.0521354463551305,3,100.0
1.7964325184672756,7.301564866793381,1,65.96810955343923
2.763845761772307,6.205792740827727,0,64.28076428450562
1.4070456001948426,6.439626860911726,5,72.92808918639486
3.927972976869379,6.882516389655111,0,71.61147250420103
4.498095607205338,7.621031342559016,0,78.74898452357692
3.442141285965063,7.9522504075978855,4,82.13266696781572
8.458637582367365,7.304820241593554,4,100.0
4.210779940242304,6.253300346502002,1,80.79948466109602
3.5284105871864266,6.264071006831211,3,80.14731702303416
5.884264748424236,7.212746904766675,1,85.73806096490313
2.2683180247728636,5.716331437304907,2,64.87987234331025
8.219772826786357,5.331422339394184,0,96.49602923645469
1.6709557931179373,6.06386647292233,5,71.9724589596376
9.881982429404655,5.8617169749622455,0,100.0
7.9502029236699165,5.8889243613679705,0,93.44441692286898
2.7884411338075514,5.70082325314973,1,67.63354636644505
1.0496990541124216,5.126279568909085,5,69.71211799703825
8.339152856093508,5.053621804200241,5,100.0
7.361716094628554,7.963167169208095,5,100.0
7.561064512368886,6.283319401207587,1,95.23174036144702
7.941433120173512,6.152979941479045,0,88.74588513538225
1.6664018656068134,7.03894184807921,1,64.94242860120518
4.226191556898454,5.654761663595193,4,84.55406685670951
2.0428215357261674,7.8498835518506755,4,79.6675926661809
8.767930832880342,7.3590350432466565,1,100.0
6.609683141448022,5.268233006936779,5,93.70592365922892
3.9780822236738427,6.252742327354785,0,70.80608246469133
1.5720251525742128,7.6373549226864945,1,66.80871296441111
3.79884089544096,7.834196066874231,1,80.18718163707256
3.9266498982407234,6.402204533749609,1,73.58474873052009
7.566455605042576,6.840234167632123,2,100.0
6.738017242196918,5.501101838276226,4,91.00887068102615
8.98491468318694,7.973505878410929,5,100.0
5.249934326457543,5.69501510415033,3,86.39060103011005
2.0763482134447155,7.828195322405377,5,80.43588422137573
7.419203085006955,6.948939946977106,3,96.29746832954449
7.847065437552077,6.823210384636577,2,100.0
6.051494778125466,6.538065533049526,1,87.44688711066814
7.938704619591049,5.692009435153276,2,97.22142630620644
5.444160367279517,5.529584096016524,2,85.27550161820618
5.704595464437946,5.661458627210526,0,78.5745653422667
4.847869165226946,5.559314786432764,4,82.50588654867455
1.2287721406968566,7.33875342070026,3,67.67144793472806
1.97102284293974,6.05037577750019,1,65.4270295139274
1.2828626711806081,5.173528029690189,3,66.2496026598226
6.727693701374023,7.907307890422434,5,100.0
3.82920382968694,7.651357654890277,3,85.09485926217035
5.577136220482325,7.783256849585639,5,96.70875666523285
9.168098265334837,7.984723467939306,4,100.0
3.2436300623398746,5.521685747658462,5,83.97780014223106
4.693446307320667,6.188726056707976,3,84.59001419451224
7.799960246887438,7.274715427112274,3,98.81926030344346
3.059183489424602,7.088061854161377,5,81.58757604647916
1.6928191884591368,5.461687719019565,2,67.88002835317292
3.6077630762239123,7.447499374971853,4,89.11123061989099
2.4509915852860398,5.6733217155099815,0,67.12745068092231
9.367278871083158,5.671452844467869,1,100.0
8.273083416079754,6.61092326868024,3,99.97786581170917
6.700633808593811,6.77881980452511,1,90.04175398170068
8.84314531168946,6.740258623513434,0,100.0
8.23304869209203,5.274460512193265,1,96.5696296262161
2.6791305299743224,7.632382587891141,0,68.03798525760227
9.0330309864098,5.796800127766118,5,100.0
5.854080177240856,5.3885447638484125,2,82.2393047940543
8.266961396476564,7.6662442396069315,3,100.0
9.06482169931144,7.86695449468926,0,97.80544331286873
3.8620312747467747,7.586382851796352,1,78.89163753237187
1.9904673207490908,7.428548224174634,3,75.95174355125499
3.051416462877475,6.965725941917065,2,74.7270561166264
4.843970097636307,6.652572111827418,5,89.90620568161768
8.362132893302437,5.26096027973423,3,100.0
8.74657524930709,6.225359639212096,0,94.72385585293821
1.0625691747807164,6.118065551036942,2,61.16046486189623
5.596725723198092,5.7792613512809785,1,83.55913237448016
4.7566990283390105,7.170260341065755,2,81.85003915627054
2.9989702942365724,6.487627205236312,2,69.2710566827632
2.0787883060031453,5.243138647722944,4,68.84787541437206
4.038536542632651,5.660549605849434,2,72.70400052441428
9.486187335212673,7.049776290978787,2,100.0
3.908826388186797,5.228392578470901,3,79.45213341240428
5.669115595690295,7.553620742146306,1,86.75437974626857
7.3271706300566,6.485439581041923,3,100.0
4.272666421413646,6.4417597319799444,3,86.82272813937946
9.746038744488645,6.7772233539785525,0,100.0
9.662025654479,7.474042897775448,3,100.0
3.2660406624282774,6.043427623706579,4,75.67821203733692
5.475236553031469,7.034048457677191,4,97.58040891930177
3.707904788350927,6.6971958919873735,0,68.1994220110749
3.5635644493972087,5.801084810508264,5,82.28974851088125
1.3319825261907952,7.635889959065474,1,63.138564007885634
6.486079005819072,7.392278064820784,1,85.6361381685703
5.524111209059753,6.975355503975276,3,90.66899378547501
1.463308761249904,7.551745187282726,3,72.06174578541942
3.507818178129503,7.601882602879407,5,87.17461508346167
9.174392973699883,7.125088930145104,3,100.0
3.1560570160027517,7.511039985091016,1,79.75252375475092
2.304053848821008,7.092414385007851,2,73.35279040362568
5.405074842498067,7.040422315280901,4,100.0
9.870854086995406,6.855834134645553,2,100.0
3.178497443603504,7.258149918672924,2,79.2824337398943
7.049219926652907,5.475815315879221,1,91.53555192720547
7.854576537958458,7.642612277596785,2,99.68638193569376
3.1387378959315972,7.615530583235696,5,90.15790334930705
7.553947137506736,5.087741849103677,0,86.72898936289971
4.3100481944732785,7.477450251694288,3,84.42246721748114
6.690752475342215,5.386609602420336,0,73.81269190573659
6.7017673968480524,6.0053565627774255,4,98.74663427102303
5.821972156672826,7.230524768874823,3,88.59438058606655
1.8126079304896747,5.482279688144924,2,64.37543544165169
8.51772246030314,7.453901072357187,4,100.0
3.8870205847456223,7.496402533873226,3,82.32921337351978
2.678666593598688,6.522403201282509,5,82.76978006121077
1.3669762739928752,5.019157615150501,5,71.90662128941165
6.318036488694176,5.861114399524738,5,100.0
7.098079256580542,6.850780755127227,5,100.0
1.1492904603507053,7.94355853408227,2,66.52718155988455
5.608837524693529,6.895440581050005,0,80.39936705951932
3.0384619767814414,5.7794107431924795,3,78.6243143312782
6.806555113685048,6.902017109298834,2,96.9479516532427
2.569297861044923,6.6199561391475665,5,83.30817418782888
7.218439642922194,7.339536185453431,0,87.91473416529978
4.480618116704837,5.3209419164808756,4,86.31293961299075
9.43056989863061,7.2830837075060835,4,100.0
2.2376884973139393,6.623799736028331,4,79.59362878267535
4.069597159452327,7.888976011576984,5,89.40732155180235
2.021261691165302,6.025616498116058,4,69.15771057860887
9.322242564507064,6.8978656794018445,1,100.0
8.896054180428829,7.796084316530052,3,100.0
3.3214746494364005,5.307529183972038,3,74.0278914034371
6.939856414307611,7.811685461709353,5,100.0
8.354999801810942,7.0636571669024395,1,95.81250933014235
5.996807304395161,5.203511177315516,2,84.14396446374157
5.766855205204059,5.902890700840449,2,90.29217813695608
3.1766706181040654,7.124516265935845,4,84.59405187941114
1.837924910253093,5.202051804406315,0,58.838536114100584
9.074941821579941,6.74651138052882,2,100.0
9.103762514469974,6.03764917085887,0,94.4072194485685
6.697913115459412,6.862746553302431,3,92.62020852666043
4.051268119438307,5.137226101437538,0,73.12158277780638
4.142886171513948,7.614610418457129,3,86.68258138245194
7.533601109832154,7.920466907532191,1,95.12814915947517
9.073992339573193,7.906633565857074,1,100.0
8.983777818386056,7.248955495228774,5,100.0
8.018879912718614,5.390258720391896,5,100.0
6.77828481538859,7.274789587787067,4,98.6457254464864
1.7572596849554394,5.0737607493764045,2,65.6195495060837
2.454658426851524,5.066370654586992,4,79.81252786872594
9.086987696743714,5.970830657448624,3,100.0
6.457861536936309,6.465929571213997,4,98.66208078614943
1.0827734645496667,7.311222253423379,0,58.32816072915071
1.913243885794289,7.049886129819516,3,74.37143236443427
6.971515921972502,6.3377081191302445,5,100.0
1.0455542546159682,5.8208799988449975,1,55.104137649517156
2.4472724627574878,7.991373500473133,5,85.59791387521302
5.938604104299275,6.2785439067079185,2,91.16128850445277
7.227056779234239,6.354161072989026,3,100.0
6.867651335523405,5.490871463575008,3,94.41998338176445
3.018423785145038,7.384428646249788,0,66.99244556877582
7.409612992127823,7.081046677344466,2,90.28260712147345
3.135241787471201,5.662308838366281,1,70.47198743029291
3.9285972834334095,5.247143136847528,3,82.38309887008465
7.718422646062217,7.041497906224139,3,100.0
6.846696091424932,6.963533642843405,0,90.60876627299302
8.6430106944476,5.819778580994628,4,100.0
6.91851603070309,7.852590686751231,1,96.5601540491124
6.114777430019244,5.4531736753427005,5,99.25271997234933
1.8430729104528323,6.297004403127806,2,66.5414726763551
4.309442227534902,7.830847760502797,3,88.23870070852765
3.386821309135529,6.259181950778367,3,76.8445930110065
3.195906790411752,6.915577842992256,5,86.43076233289403
9.75709499277201,6.192783193888383,1,100.0
4.537879522000844,5.82264560704601,4,82.66805339807749
9.02841899659402,7.951932943879484,3,100.0
6.680247633975366,6.228002018945129,1,91.66992257438139
8.153301731874835,7.682297611037403,5,100.0
5.523733837946729,5.689863817673259,0,79.26230328823866
6.192134961637232,5.63931411207525,4,87.0654797392642
5.432659244369775,5.093402248653534,2,83.12547290453647
2.7571868901824006,6.955000476127655,3,78.05848490473683
7.502069037353548,6.105579031171283,1,91.11730350643154
3.526951261967702,7.593074749518911,0,70.68342323045162
1.2188436978830846,6.4196297200746715,2,69.26673909402584
6.80925066316451,7.904580283744165,1,92.67454690913605
2.5939961146634403,5.556576547109364,1,68.44751917646308
9.464127259176228,7.605869503866833,2,100.0
9.585357193023286,7.329790558375225,0,99.58205585235164
9.233779511984036,7.312765533932156,5,100.0
4.331428302298999,7.534349684350663,0,80.68477436362824
1.1391095487598069,7.2830719728289965,4,77.71936123935619
9.354867063289529,6.878660964894246,3,100.0
4.8536573348558285,5.3937346330471625,2,80.34192529833223
9.699893371393026,5.097578538473756,5,100.0
9.672579793803276,7.762543543447061,2,100.0
8.677085099206241,6.849950943562214,2,100.0
3.6500400286262713,7.389611872928529,0,70.0402488214872
4.465879557417328,6.44456705453765,3,83.37891263766387
8.660230043651712,5.351924566887184,4,100.0
3.852298046406499,5.375557376607651,1,69.97632032785506
2.5254347201748324,7.056695861686914,1,70.87028736966535
6.0112113621251515,6.290917684698388,2,91.06746570493361
9.425392967447028,5.60157418010101,3,100.0
7.264268170074757,6.47478364022431,5,100.0
6.1305505308042845,5.192626811225402,0,84.37274224786813
1.8745884439369167,6.745914205743196,3,77.66888862647114
6.535065040292528,5.806980213305293,3,93.49852617459638
9.91048465093837,7.392677301911565,0,100.0
2.260756137128716,5.931085876770721,2,66.15853664436733
5.664966871273631,6.3656604472454035,3,86.75077565709928
8.8963576473516,5.0348616197243015,1,100.0
7.66691755978784,5.217340663383677,0,84.2239830968396
7.273141668957412,6.177480669220055,5,100.0
7.322356755883983,6.43981650415137,4,98.8860936999662
4.2354203609777965,6.800061644357911,2,78.7216065000266
3.64232659838044,5.87498773612791,0,69.50694209912808
8.284250399306622,7.0849456583796275,4,100.0
8.291020552112627,7.580367191567614,4,100.0
8.803650867220934,7.339552966680049,5,100.0
9.219164973008242,5.118856476045071,3,100.0
5.60208158974844,6.441520841773487,5,94.59673611479529
5.513646652184796,5.314790535254525,3,86.70785190958134
8.184656610700976,5.726135047587582,3,100.0
6.849675376999887,7.959987779801439,0,89.70789960773473
7.31770189531933,5.42748662870454,0,91.60525496716352
8.16213402492491,6.496664460354069,2,100.0
9.010048076358096,6.854467202954357,3,100.0
4.041956411663822,7.107394911632312,4,87.98747637830822
4.380246573759496,6.678946050460742,1,82.82014268164748
1.845837458567821,5.029312542257551,2,63.80346954005356
6.204521268965566,5.979383924731976,0,82.09857957891111
1.3234804641706788,6.553134930154134,5,73.1395611876028
5.190382163192141,5.2635994974345,2,80.95788296425918
5.883801712368189,6.051880793627542,2,82.51741549336288
3.5788712691545594,5.099609326374099,2,70.10863014412584
6.317499345121097,5.2357354914650625,2,88.2913888647473
1.2745022494514449,6.190769828604788,1,66.29484482842513
1.3361336987429298,5.398147262129181,5,70.63688058041816
8.403405045936925,6.702622544784674,5,100.0
4.241715772701366,7.068394907411797,5,95.44993188959263
2.143544613866963,7.401760097327249,3,71.19647087854136
5.700189340493239,5.60045073273443,4,86.71811867981579
7.9299419778874976,5.502447746777209,5,100.0
2.9423892474715885,5.313703521003201,2,69.35099984298125
6.606014282371002,6.9092907486309105,2,87.60629365503162
1.768127184943912,7.119427179460704,5,77.69536516481715
1.4651354905174694,5.094758434476926,5,75.36053337112581
5.782191684113332,7.808636738731069,2,86.67036757688432
5.865716094490959,5.155913850954417,3,88.90314283122441
6.736869113483859,6.623889005903211,0,88.11993060610604
7.534822003503954,7.127181558352749,0,91.67832030840239
9.782668715162812,7.612907371238257,5,100.0
5.646703134710758,7.1422607963972835,1,86.11001905413399
3.9066082564712135,7.405184249209375,5,86.90522591001952
8.156675752918332,6.018350577628418,5,100.0
3.437490261358668,7.444475341239537,0,75.81967249150105
4.950742786350725,5.240344539154026,2,84.80413720178517
1.7061074320803935,7.684449968181583,5,81.94046431839672
1.2281566907391177,6.6427771284612085,2,60.70139930231894
9.663835732101326,7.451893309887481,2,100.0
8.523821084609853,6.3569548535549005,1,100.0
7.263767854843282,6.930733085589575,2,91.5707346005642
4.680576499728429,6.57920798280834,0,75.9165673988086
2.559648880637612,7.194768565265996,3,77.01816188169592
2.4079333840397745,5.244889946091769,3,76.52239810675631
3.252186083481358,5.181056251971691,4,80.79721449503295
5.943039982355084,5.741309702030439,5,93.60412213400139
7.431363304300561,5.478634040339565,0,93.20024997753782
6.941776390459581,7.615350699776605,2,96.07092263999277
3.5194050725134858,5.657641962074133,3,77.14478587600642
9.593787525968747,7.927595767457394,0,100.0
7.641072250261916,6.010687375313321,3,94.35607028786681
5.989186472602606,5.546353747066098,2,86.7093313456968
6.5054867161091705,7.369095521427438,3,97.7580803953177
4.776400561850109,6.976123326502629,5,91.67809947968017
3.229578905510417,6.4945871493594165,5,85.3984262580136
4.2037541078613545,6.666090652812894,4,83.75777863219001
7.820614994179322,7.157605334816791,4,100.0
1.1295413976678028,5.685364223993896,3,66.96805641615269
2.0446537645622462,7.989001748170226,0,66.77025495034195
1.4140237781957747,7.924379486440349,5,73.10248259470244
1.3665592208707311,6.95097705904081,0,59.417732369821586
8.699145256099065,5.598627352787435,0,99.725369777008
7.332920734420213,7.040684727293874,3,98.26863490369726
5.267564461785927,5.216595226937527,0,76.81843539514021
1.8805074458590134,5.091957506617418,5,74.32618499088306
5.4245428760514915,5.773048665533641,2,89.3735309880837
5.261245937025091,6.3878688702179485,4,94.95307179214537
2.5588168291901368,7.6048175162251415,2,76.4263121778574
4.904664843141758,7.181507209298924,0,75.96661169418903
4.586542609576361,7.228119563599943,2,84.46650132265793
6.542650882469948,6.276480003344226,5,100.0
6.715842857808794,6.037804977640889,5,98.55900973753758
1.4077360879484007,6.113116288953808,0,56.65336170010655
4.371513531638241,7.962948691208173,3,91.89850748222864
6.632739241428127,5.120327574237447,2,88.50194141896476
5.528226327220789,7.6010944883673455,3,96.68825106957209
8.7084085706949,6.736026225717181,3,100.0
6.928242684570505,6.315846257568771,1,91.49653628511604
2.466409843732867,7.17577298124541,0,68.0411894902336
1.6351187266038685,6.460006824274108,4,68.89434860057527
6.78177350385684,7.620269714244982,5,100.0
1.2386017948745964,7.702105592033775,5,80.84828139738542
6.2719802314611695,6.265162780620367,0,85.93424522810339
9.462072172824618,5.830483391705155,4,100.0
6.179267600882911,6.777050985780087,5,100.0
4.493529335858697,7.7370900368500735,0,77.3867045850112
6.789593965981179,5.631986567017,5,98.35327593887484
5.12427601442365,6.868899750690448,3,88.82067532173392
5.910551103843415,6.894680660277562,2,91.64151894410698
9.473183278988726,7.199339067245843,2,100.0
4.474923740206968,5.394703055381779,5,89.01863074226965
9.650715074415228,7.147474894046265,1,100.0
9.148155777604574,7.727097561996922,4,100.0
2.762120213103668,5.539049326610726,4,80.20959401764772
1.624251707876489,5.712629974771633,4,73.47007847615892
1.9070020123968399,7.914185282124919,3,80.78752998176726
1.1639964308639477,5.54293085812847,4,66.65403517783302
1.8499866468033557,7.563155280108737,2,72.86837334572252
7.147060960747211,6.476833569344104,3,94.63700021903205
1.6406978361420608,5.7416932232095315,0,54.84077627329919
3.8707806726438516,7.612249703817534,4,80.47181024240071
8.60387779872509,6.3359157650079965,4,100.0
1.209447421622433,6.5444520617890705,0,59.68888497352261
8.330216343300421,6.077700108199297,4,100.0
3.5366929729605996,6.778852554304782,0,65.92065697156373
2.0634834485949063,5.4905716177550685,3,68.22740060006863
7.270634488277356,6.173244609955282,2,94.71194068432371
6.660485621018956,7.9082369670058625,0,91.4984101394858
8.897248121743477,5.774400298103383,1,98.98543395418126
7.615639394234972,6.970209993623877,0,92.77479798653845
8.231328373463636,5.975570192674085,4,100.0
3.538311153141758,7.320419377059801,3,86.58006712740986
2.5969558940175053,5.39262098215505,5,75.71527250141294
7.755532764767725,7.909463135235634,3,100.0
8.261512653405376,6.361368624150918,5,100.0
9.91454627800606,5.708151390039392,0,100.0
4.713559092202838,5.220490241990038,2,76.89219657563363
4.348162772135049,5.509273715262622,1,76.16651706284449
7.987716646677971,6.5593218456680535,3,100.0
4.06723186227716,6.011009529293859,4,82.27510445777338
9.376815930432082,7.4866500976478285,5,100.0
8.725714766587107,6.292662570985418,4,100.0
4.860946246375165,5.746142817762889,2,78.44579444001636
7.757839610123476,6.8514349598120905,5,100.0
7.7908858667621415,7.120331650656338,3,97.2158258786892
1.9281148195233935,5.50112572370285,0,54.208417437371956
9.1229761601161,5.502857648864953,4,100.0
5.547271352030714,5.110014280800629,2,87.10329514952834
8.438117194969674,7.209206045196922,3,100.0
3.880446409275506,6.991413582865415,3,80.38084725581504
9.059709056465804,6.423892627249442,3,100.0
4.502815108607468,7.532511346907592,3,83.14248358285576
1.0975388633226852,7.417010458850159,5,71.23159736015026
9.148437787773373,6.7560630931902566,3,100.0
1.821580091075202,7.604813841539776,4,76.34464269799248
3.873822738313734,5.617523630110305,2,79.79879116965999
9.550557703457244,5.335758858193183,5,100.0
9.555464322438006,5.809248834550969,3,100.0
6.160940993109575,5.171260568267945,1,84.19022228161623
6.686534909528193,6.5935085840030965,1,90.87271281109852
5.036009697804878,7.809817076884885,2,89.34067390586253
3.638896945282581,5.118030622005529,0,68.9549992768503
3.957980908329244,5.36632974203008,0,71.0165294917821
7.052666104693346,6.356597084850305,5,100.0
7.77137076493912,7.801625052583715,5,100.0
8.124211393532637,5.948468314930252,5,100.0
8.106563285150985,6.5217044260651775,0,94.6532857355531
1.8208549274382133,5.124718577151176,1,59.39028528772936
5.449782742323233,5.445029602886267,0,79.74330855480373
1.5180288401497986,7.959890368876541,4,72.39887223033878
5.94575994091362,7.8953560893081365,3,96.75095897868576
4.973774512360393,5.0148199428032285,5,90.23482728788197
8.989337644824698,7.855435356269717,1,100.0
4.158235112968708,6.917359813446501,2,79.78283624992179
2.053603147848453,7.603754883560066,2,72.75042385510504
2.2869251384755227,6.3642195669015775,3,70.82409598479865
7.85359568545725,6.5467880857377505,1,94.49787557943787
6.56396256984635,6.46653974077076,0,86.07014076910633
1.9101040851051123,7.0005927726383135,0,58.970046203388065
1.756961255034977,5.418953764268939,4,67.36984200115846
7.30872218313208,5.0899207696180335,4,100.0
1.6548670572777417,5.923789824773573,0,59.68365447134081
8.396740533613206,7.11404228820994,2,100.0
7.3561800444084655,5.605560356368845,5,100.0
1.7321390257770979,7.020297299974752,2,66.6058233416639
1.7635394267667273,7.909736138321811,4,76.97482155550195
9.87975620651058,5.2817021473682555,3,100.0
4.368437161805083,7.017806354675379,0,69.60147682950051
4.335779323602019,6.3312506579137136,4,90.5799001041472
8.315196105317522,7.6044267631325155,4,100.0
9.525237196454729,5.531449368342158,5,100.0
9.874009574405838,7.0778778566784935,0,100.0
7.780403667330475,7.51434586894433,5,100.0
4.386336269778242,7.8338426584220695,0,77.60070314829798
1.7515064502880189,7.049744084868937,5,73.96551455552333
7.994322243346931,6.491524292025282,2,100.0
6.025638247622245,6.8535417206036415,3,92.11158148042647
4.817998083222786,7.606714953436155,3,89.9500568544431
9.157189465852625,6.711829239916489,0,100.0
2.000777340755362,5.091161179090511,1,63.9417193138287
5.433625938617732,7.7928460865209335,4,92.00316779097484
1.1021828029067717,7.068580253094684,4,70.64088153596406
5.217945777947136,7.0295401573317395,0,77.78047312367619
1.5067294811365362,5.647025457193152,5,75.12816747241455
2.0693612464126474,6.976656410697972,1,64.88191637720978
2.057736220993944,6.181593216962476,2,67.23331327184573
6.842892719044572,6.953698931124476,5,99.26857033424902
7.71440391338881,5.319779090923972,5,100.0
6.250318885874437,6.973535913809108,0,85.72893063689654
9.659552936270877,7.998241177312,0,96.2398828946259
4.373835215713337,5.144636116581668,4,84.93716899617067
3.571408776536747,7.931522552663952,0,73.5829882947213
8.817392153705143,6.2207238821686115,0,94.23343268659455
3.0123625466750736,7.612260351011777,0,76.37222020820853
9.669002854965502,7.34715645217482,4,100.0
1.109390272208347,6.701048782960004,2,61.659841468507544
9.728909440368751,7.21534762775398,2,100.0
1.388439207555185,7.635546683904044,0,65.9467836336472
9.02028802328264,6.212420964953099,4,100.0
5.749309981776698,5.981099484689716,2,87.7930749891049
9.936683165073703,7.002780156690754,5,100.0
1.6641690826185898,7.423537825823775,2,62.910473487970634
5.984688559611887,7.286855404329847,2,89.93654481616792
9.72372282057189,7.393440946575904,4,100.0
5.707880597531339,6.306749944438799,5,100.0
6.664587743217362,7.453502648525065,4,100.0
7.261738200861554,5.360627166111826,0,86.13711245018135
5.090869582909959,6.633467293882548,3,87.45090827934186
6.648022720756571,5.017275981494365,2,92.34482231165377
6.258828807307902,5.9737574897008106,3,91.68790502620517
9.110422094418901,6.099384604614194,4,100.0
1.409017423073121,6.188518074827766,4,70.59501668625853
3.528668706330073,7.086401620069586,4,86.63823520325758
9.553703356689029,6.165674303811038,3,100.0
9.012374055018247,6.346080867867592,4,100.0
5.100910775071417,5.712632392622982,0,77.50443655893754
6.581193380213831,6.119755374888021,4,95.46625023005875
3.496430646830194,5.681808881789454,1,71.26392279640193
2.6930904375138516,5.219587771305331,3,70.91471476485637
5.173285644459839,6.810345780144134,1,81.60278192968822
4.180170052234475,7.004638395665049,4,90.94866184338235
6.252905006657849,6.858471038028844,0,81.74785167521537
1.6996117326848634,6.390482131401717,2,65.212869926959
9.769553268995498,6.139357340537689,5,100.0
9.875896700316426,7.590000948715476,5,100.0
7.2834554261777065,6.557245355408654,4,100.0
5.824867297097083,6.437545632889193,0,80.14660020586143
3.78574854657695,5.076926197419307,3,83.36766192009995
8.324155177362538,6.023743482878469,1,95.81972321403624
7.162580552984913,6.140586856357571,1,94.96226706792977
2.463552454104022,6.196468342690702,1,70.6147183807234
9.198344660444583,6.740517107681997,3,100.0
8.402835186308522,6.600807640180635,5,100.0
9.548199219627316,6.823715278380334,0,100.0
7.531475575495239,7.294649784626385,3,100.0
6.520736763422109,7.43895721614828,1,94.6713889241509
4.76418732661557,7.154369228679483,4,91.37361904575117
9.39455635018612,7.866571087864804,2,100.0
8.794575005503674,5.054697748029085,3,100.0
1.4069680309557047,5.587333957050638,3,63.77672377470468
1.2373027704752682,5.0226886249344265,0,56.40376216560425
4.388170301902447,6.942424142463809,0,79.04844149627384
8.294979977036496,7.6940916468499605,3,100.0
9.8854851638345,5.730446889728897,1,100.0
2.3537520199317536,7.78110363438892,2,74.91746127387566
6.347176438169216,5.180802170868683,0,82.55009717241603
4.428017709679194,7.803308080416543,1,80.39308251548428
9.72922958033143,6.054868061718903,4,100.0
8.579070308221379,5.30426248534765,0,94.1578687438006
8.54495834240024,6.457615277558977,1,100.0
5.218238438154732,5.770329703161524,1,84.95700187994686
4.733375521038987,5.854618705885769,2,83.72849778956056
3.4606636473763563,5.92186989477886,2,76.0788318030576
1.507379469858344,7.4090776934979905,4,79.94892790675694
8.782501386295479,6.617483830025764,1,100.0
8.316109082170698,5.933923097468011,5,100.0
9.997459059575176,6.831001349932755,1,100.0
9.969731533665149,7.148452022669581,2,100.0
5.998885350423647,5.817872002200601,5,99.42986810146635
7.9208867366245945,6.240647304576054,0,90.19479085451614
9.502891568941852,5.365658280010843,0,95.2216079733951
8.646826516096702,5.543448048604041,3,100.0
3.226132915688779,7.043353561894948,2,74.15521876596169
5.054897217790842,5.544315043086881,3,87.91505917847472
2.162434736363455,6.575490151001181,5,78.49292775647281
9.586459245328502,7.127138785167298,2,100.0
6.455571710057921,5.320630769284231,4,95.01225478214513
3.0577852495311646,6.70193665888671,1,72.35959796277396
7.045306159652711,5.769688351104091,4,97.32789691614919
6.5631541641210625,7.888780625712739,5,100.0
4.223464462295564,6.450636940159774,2,78.75577953472052
2.022018329796661,7.417977649325474,5,83.27106000754571
7.044158760335196,6.6506796264687855,1,93.31250139363848
5.68276930813414,5.130237598564458,0,81.45413826193284
7.950865525620754,6.899454126782067,0,90.25758335924871
5.68147151000794,7.854210026619971,5,99.41070817999396
8.669633502866862,6.804835460438993,3,100.0
5.9671615489703695,7.457566578280371,2,86.48492132668999
6.0484417438184765,7.652619390045223,2,94.86262968859157
8.889882423925105,5.684239315846797,0,93.36568806059707
4.631345795911574,5.6361345197246795,4,84.60029453249928
2.2061370560557667,6.8329429665529755,1,64.6566237065916
1.2590440868200508,6.233085409420115,4,72.86495023115161
7.796235301062571,7.519583908600161,4,100.0
6.582785962181182,7.700069370194034,5,100.0
7.336717912893012,6.060264137908154,0,91.93765979901174
2.9166774535801965,5.710611676923446,0,67.61614590462516
2.2273432802809277,7.341576545731586,0,67.9577549444071
1.1309019910109375,5.8244181066444085,5,74.58198557707762
4.155288029259372,7.467842955541036,3,81.86385307720164
6.309259181691698,6.271214760946289,4,100.0
4.530196405897591,7.0026496978744115,5,90.27605266283629
4.937274298213562,5.286605941504004,2,81.0604205213059
9.137428250443735,6.871577974029719,1,100.0
4.134299203209704,6.355303036211687,3,83.85672845110382
5.625905402438297,6.759825389526423,2,86.03506606183207
8.052877114670288,5.50404262323459,4,100.0
4.568885040891431,7.210621234832546,0,73.55963622268423
6.598780302050861,7.588391232629686,4,100.0
8.761273378720706,5.650219400272327,5,100.0
9.54568561291878,5.287143666560485,1,100.0
2.323661328361341,5.070915758139009,5,75.35269106800729
9.339288626453449,6.925914501329798,3,100.0
5.429046637715844,6.821282108266342,3,87.66591726320404
3.324199494690625,6.64009223814221,1,73.27727789703306
5.132221806144352,5.695841288347927,2,86.53698796971183
9.820293177569294,6.172717987716544,2,100.0
5.4335628459358265,6.783429005558519,3,90.84047472815676
3.958764492587574,6.490300576577508,3,82.72159941689937
6.700607688850532,7.963356560644662,0,89.13774110955394
3.1613105690037377,5.4093192576702,2,71.11382260804727
1.6827699529779752,7.085433662142782,1,69.22910825985859
2.159917497195843,6.212956304312876,2,67.43279418730407
2.152412550619952,6.284598844776845,0,57.89514373926458
2.3671242416106493,7.1527932969745285,5,83.0628085768954
2.2494445538446914,7.077308453973108,3,70.79792962786617
6.767872703228932,7.973767981106565,3,100.0
2.6369207595923037,5.385182868362376,0,67.9596792782166
4.111005549914768,5.312328948152499,1,76.06893528107486
9.071095689154106,7.173016451386223,3,100.0
5.265654762365851,6.735160751019228,4,97.85874263465666
7.008019646689244,5.822481999679417,3,98.5853436206319
2.5508788408146685,5.23825810696696,4,76.22263059588356
2.730601169278037,5.2569747487892915,0,69.06879989453971
1.3678175463983098,7.682572623992355,0,67.46855961451601
2.520415567649481,5.575601974156228,3,78.05959713633811
3.5073130512876274,5.970114686346562,2,74.00036408354326
2.5930943584907213,5.679969206680964,4,72.26335513032032
1.7983228038135004,6.064988917495812,1,62.462015303754455
2.085722839905407,5.20827152823828,3,71.95608210338311
5.147008912294532,6.557179372724811,1,82.3268801429186
2.8570034656521326,5.2028376907766445,3,73.07124975428341
4.278428749432679,7.4010695234670845,2,83.87572699051236
5.530755437693712,5.701136245731299,2,80.64363443491135
7.213553457664288,6.620035743813531,2,95.73134667202314
1.3538092585698904,7.640237262684375,5,80.40489375276184
8.194693590181384,6.952632107141582,2,100.0
6.6511035054181695,6.5988733596540055,0,88.52869371190005
1.7358312875398472,5.973001259346127,0,65.41727732624904
8.862207616960994,5.999005739174594,5,100.0
9.287851604786319,7.008460865594571,4,100.0
1.5497016386937736,7.982418083663503,1,70.281889488791
3.4918988333248335,6.985517569548136,3,83.94389119882223
8.255811518137552,6.673350252110074,3,100.0
7.734337213452926,7.191951530717738,5,100.0
2.6606891742073957,6.395616836851154,0,66.09881849776323
2.8841439100303927,5.180427027802356,3,69.95125474936341
4.334248925122438,6.686890447633729,0,78.38386511150125
5.360706866719192,7.87287585351614,4,97.78223996921568
6.564292943772664,5.525908827072979,1,82.93823412160894
4.320222756127952,7.070014672461998,4,90.34403937728216
5.162812445198331,5.60280106597717,5,93.23196932297301
7.727238443203809,6.607483053419244,2,94.78523599168514
1.330148826015381,5.290029348940159,2,59.61280222473981
3.2719324990961867,6.351112808774555,2,76.18236792123521
7.420146272960972,7.268489986685738,4,100.0
9.056861539184794,6.042714572716946,3,100.0
5.6050969790409955,6.994735173461654,1,87.87275042607502
5.789021367387841,7.3863498823691875,2,91.13888601187426
1.9645481020579845,7.781533458438358,5,81.95504443917382
5.026711301411092,5.703926245566361,5,95.5340105392897
5.793555398095209,6.197947747427925,2,89.9032267605139
3.1822345327125667,5.457248039991252,2,74.32496805903341
3.4231890785444286,7.977450506475126,1,73.13006287677987
4.395557467941604,7.781002903772886,2,92.72563404347244
1.1806407799995373,6.619871390841679,1,58.83339840975634
3.8987124902486046,7.526099883129264,5,88.60813400620106
2.9030320629689017,6.562873931816126,2,68.67672334924677
3.9474761696012317,6.870757064008279,4,87.0952894523305
2.077859186373261,5.26737329634805,4,73.37737383641682
9.014745526659055,7.265811261490423,5,100.0
6.342332081986438,5.383140450905705,1,80.2607444184303
7.111920872300407,7.478202890757585,4,100.0
8.102541147466045,7.346084263011157,1,95.7825680589437
5.485979790361515,7.126234093228929,4,93.23535154017384
1.7822825927868133,5.108481141574286,4,73.92308905312584
5.83395887636693,5.909385067835986,1,84.77236456990232
6.281570062187912,5.7893377097325285,3,92.9823534004052
7.70895526765897,6.080409222414557,4,100.0
4.884935916067114,5.262928240291515,2,82.23690798073478
2.148222725160074,7.810873469093188,5,80.33953685634059
3.55398315218852,6.661406722137128,3,79.59332182051116
4.267740667587716,5.916572931974071,1,76.8074852378422
6.8132551719844106,6.1909445512228505,3,92.76149668172874
6.137004742020207,6.341607621514507,0,86.35626493129605
4.204870533080616,6.801783000081851,0,75.49388045798923
9.878637239136816,6.547038283089494,4,100.0
6.451973374211985,7.758175919643252,4,100.0
3.1350411256239505,6.490890448717491,2,74.29664559592064
1.9160422535836337,7.9764740444699385,5,79.9858963654008
2.375732252658988,7.554274873235287,3,74.53332471775363
3.213619555460573,5.625531543072007,0,68.3483618902247
2.446132359336001,7.791785643931749,4,80.73958340953804
2.679103216461752,5.3490991936564285,5,77.0948618680919
3.565856518244624,7.4523491254735745,3,81.20089891083006
2.560362357652793,6.1418698804297405,4,75.10674474356574
9.070888821637826,7.633922961335209,4,100.0
1.7221037109547799,7.6041700703223505,0,58.629165200238056
5.720602506132292,7.417776200352863,0,82.74583417032251
4.693571442906954,7.370091308921184,4,85.1014000341371
9.841407552177458,5.914037417294122,1,100.0
2.008350119512471,5.242757849153756,4,70.68918235823703
4.580700391411675,6.208940536295485,5,93.47706820144616
9.72523389947832,5.520573544959526,4,100.0
8.789564133045822,7.084853266707385,2,100.0
8.353648638543518,6.0382991796133565,2,98.70026913436958
3.3211254434044584,7.926830602579745,2,76.71885746767344
2.5379882865105925,6.9229162320359965,1,73.64353828889058
7.017788979319879,7.467441690903083,1,89.60812615925671
9.364383902148273,5.397574018225545,4,100.0
6.010866037125368,7.586043446817868,2,92.22261282675579
6.144514205229099,7.768271571540183,1,91.90266419835187
3.5198118429425573,6.461185756456808,0,69.3807060598358
7.925436398727432,6.818758813252932,4,99.51040081863164
2.6833937370177106,7.294429402708986,5,82.55551482575001
3.913113127638193,5.524515881781237,3,83.67068283029558
4.828927947547751,6.507698229390327,4,90.0065984188107
5.568493408160095,6.195989083316939,3,89.94369879451415
3.181687591735722,5.439121976486748,2,69.59762793692111
2.033531422652832,6.102603266874594,3,67.87584887614736
6.495580381974693,5.2045169281564805,2,88.94106071208873
3.597674979162302,5.077435720848461,0,63.864109570664205
6.231143992803511,5.405498867464468,3,93.31080436603402
2.389264437467821,7.889345334767522,4,77.18507411027505
5.330260916693358,6.648588607685051,2,85.8745099566424
5.793304892964272,7.8974664834596595,4,91.10415667547795
1.4664118314018422,6.297493634990396,1,61.745640821659485
4.029438503745285,5.935448399255779,2,74.46050767584737
2.209732092450768,6.518425588520732,3,66.11964238726988
1.5703747342549097,6.318535065898731,2,68.11447007108096
9.909642091509507,5.3169940527852315,4,100.0
3.9011846047725065,6.922478944070619,0,76.73930168003561
8.288870012691714,5.648114547528799,2,100.0
3.2917658928738747,6.858763864693489,3,77.9339936899197
7.133524500015364,6.95060327719446,1,94.98649974010921
7.842050739007179,5.456074559385945,5,100.0
6.360748665470599,5.1840488813320045,0,82.58230657903087
5.244185696951425,7.342284758205319,1,80.3524174842317
4.706568227325417,6.379401271307961,2,80.7934907834689
4.139814398886958,5.1744913865164275,4,88.15614423251145
9.365762298230432,7.984598951509302,4,100.0
8.475574670089562,5.1733416829891,3,91.75028955669272
9.685242195998613,7.085105686575659,4,100.0
2.1186750113699024,7.951036775790241,0,65.22210249900255
7.577807276832798,5.717540312647777,4,100.0
9.44506411138934,5.426748106061589,3,100.0
2.6310975954909415,5.364154818267287,5,82.04709257890907
1.5984664063009975,5.909825442702787,2,64.23349585626808
7.670085843610531,5.3031374330319405,2,89.0638265174097
6.170258018619207,7.0764840250823955,4,95.52957466746658
8.576458990824449,5.186875394390188,1,97.29088074754146
2.2579513896366055,6.528266384449369,2,71.1321407651057
8.15740580673901,7.99009056155893,5,100.0
2.8146458804297008,7.441910808518056,4,79.90346241377333
2.4729034857913406,6.845658314693033,3,83.10985677253498
2.4783921813789362,5.918760862359835,5,75.52967615272371
8.33117248208244,6.871687508874915,4,100.0
6.986774986265801,6.581124391734955,5,96.80609661908952
5.707588822922074,6.278250151671115,2,89.6858198916616
4.229474357111522,5.392131130220599,3,78.25465787543347
8.894804867317974,7.6598126457214,4,100.0
4.532005966803719,6.3493539464639674,0,71.48416092164193
8.349394955244193,5.5838675354622955,3,100.0
4.952214177131966,6.103278052631869,0,74.24167610369925
4.392499864824169,6.242389257586781,5,87.30213329039452
5.164118071026458,7.482613686700622,1,85.11177574771862
3.7124008674772786,7.2008431416842065,3,80.67253419156377
7.72848442158626,7.30791468092402,5,100.0
5.5244835108323125,5.033093793285942,0,77.11608118480339
3.0899142563213555,6.2484619945392845,2,74.14897631442717
9.096171159471115,6.444032454905971,2,100.0
4.455020992358903,5.05757683046917,1,74.34020325895943
5.891975750025898,5.779439626235103,3,87.03060864459438
9.158248998680923,7.2808694693664044,3,100.0
6.618141963225929,5.411329117186997,3,96.49878559000395
2.0520823663752767,6.605930394357775,5,78.82079187282157
9.458489112521276,5.6456056160517125,1,99.04896143447839
6.6493724776427605,5.03636232393168,3,93.52426886124032
4.014150531913775,5.723604372798625,5,87.92290815998354
2.2534486539704854,7.927621264730162,2,74.6824830267062
8.146226703432664,7.404611335648969,0,92.60684458734741
6.580654803356621,7.8787299329631,5,100.0
5.801149827786894,6.463562131779087,2,85.90238575333161
9.045033247458619,5.329208596032511,2,100.0
8.097374901020777,6.643878466921079,0,95.39138899437725
2.365073917594761,6.363132003679882,2,71.44018800952661
3.805498610159934,7.533071248218848,1,78.21928641870886
3.236402258330192,5.294247742352733,0,70.832564203471
7.695516633154092,6.464723411065334,2,99.47370278537602
1.3017919126220145,5.450145994081953,4,68.98384667628572
6.129007163841849,5.97402778067018,5,94.0414358523921
7.862128171666215,7.2120712321633995,2,97.59114229724527
8.890890730855745,6.4280543881062995,1,99.52544722745664
4.078735738443167,6.127664855437308,3,84.13639788509879
8.391315742048116,6.183428835710106,2,100.0
1.995685632596865,6.37834030521796,3,69.76652090875493
8.618070625610663,7.355049631511171,4,100.0
2.147397960987842,7.676254066820704,2,71.88076331181695
4.575585615043305,7.866004059511785,0,81.27989888089141
8.175658292015981,7.360710158765885,3,100.0
2.349256846138964,5.946220687244038,4,75.02141981109389
3.0632625570937733,7.064404118259627,0,69.31089147970032
7.500273115537596,6.312809372166176,0,86.48515920354818
7.480328828914669,5.764011866138153,0,94.74724558414805
6.770328695967676,7.522614738277768,0,84.69386444192565
7.2455360002039,5.115279046886975,2,95.97322503013511
5.884519990128366,7.70528597640627,5,98.73716404441696
3.266191530162575,6.384432393874203,2,73.30172295704034
4.111263941535275,6.911604430424841,2,77.04951785286828
2.634379451212831,6.978061766617348,4,86.35816673752026
9.176055052002654,7.685353222119609,4,100.0
6.250526152895084,6.910009046501622,5,100.0
4.607662750872759,6.841800754280185,4,91.3821123415878
5.1580522327971945,5.19995612168207,1,77.23767523046023
9.525550056506338,6.5552240658356125,5,100.0
2.380162628044722,5.450507002451125,4,74.97083600556222
6.276068488151175,7.2123013061644565,5,99.26850785604037
5.5529981099601935,6.536665762438023,2,90.43723631223476
6.503088118911831,7.04068333762506,2,91.94084403532156
1.1629916543875645,5.125018701807153,5,66.40559951544563
8.849115180497364,5.254376048137409,1,96.84983590819901
9.38906454235251,7.1489701641880465,1,100.0
6.086198652302881,5.21625300799602,5,93.18301957584362
7.26985741489203,5.213770183295776,4,96.3330430615404
9.302494430595662,5.036325425704662,3,100.0
7.3651477088205874,7.8695041948984406,1,99.2284539141007
2.3728513862283522,7.212525078377021,0,64.82783301995869
6.186595241501319,6.059754225506192,2,93.33983571417207
6.460435417445703,5.889606743862966,5,97.23653926050943
4.817176041721474,6.049109689237548,0,77.15914199585208
7.627998120622506,7.3239605935435454,5,100.0
9.409303132921133,6.984111833211243,2,100.0
9.330116616160987,5.555586703602404,2,100.0
5.057554342637189,5.522328006002253,1,81.56100616392214
2.019142412566797,5.2951869491401915,1,64.02769416204342
9.863570790661012,6.980908159104015,0,100.0
8.550082778013408,7.293117986665208,5,100.0
2.1219641308294017,5.795139284975012,2,72.80166404719355
9.28757694355635,5.062834883092738,0,96.97708799860959
8.829067258559155,5.246515002429282,3,100.0
5.669542514134649,7.9035801045350915,0,80.5407929312591
6.321478921704363,5.886334332432261,4,96.89627609367933
4.591024334831173,7.307669443514401,0,78.15799630221672
1.492854749398282,6.873990706562791,4,75.29731724538166
4.016775174813109,6.145818918958687,4,79.9888394929134
8.225681037382103,5.617061786586666,4,100.0
1.0416882070414257,5.364159254478219,3,68.37739714191926
4.001492545220298,6.8450389041166,0,74.69156547467271
4.58351824231849,7.3239013419133645,0,79.16559644913187
5.836560426441306,6.931712760623392,3,89.15816655712945
9.278700547714845,6.590906399747475,2,100.0
4.1171139492936515,5.125853670294909,1,76.81105306163435
4.122578817066049,7.905466332783151,0,79.538959715192
7.637511232987736,7.396142574963724,1,92.71488285377897
5.069961468008264,5.878466110102894,5,88.26862807268857
3.021443406459838,7.9399109880765515,5,85.66126009631495
5.07195564519424,6.805644768908966,3,85.57302240366111
2.2677131834181985,6.74726797462174,5,77.3725712291964
2.58748287855601,7.244219538288596,5,78.67171873007506
5.4853099546553175,7.435309364270413,2,86.89186695697633
4.770329045540931,6.969435821994508,2,80.32643264379507
9.2336131096129,5.3842872390986,2,99.650437317234
4.261545092049698,6.014802517983496,5,89.2325060359144
6.225295152502391,7.784250920978149,3,95.52938290160613
6.690378591275773,5.673846835531556,4,98.25422267203837
1.1178501092950026,6.116501071512539,4,64.87515238345217
6.971836348150395,6.296230648832588,1,90.48128486790645
2.6023237018277627,6.318214969083357,4,83.87496107380304
9.649632857225097,6.838818747483577,4,100.0
2.3379645497780164,7.829227513234123,2,75.82252479507522
4.731617113543214,5.722078135497515,2,83.55026238503437
1.7681470127077947,5.364504128902754,5,77.1653391453483
9.971868266613527,5.592411469579812,1,100.0
5.519755092981184,7.660774700627808,0,84.61858281439417
6.358465155880394,6.937432437965618,1,90.76423151537223
1.6036882964958474,5.85772036771748,1,64.64022030285727
7.7496442335926,7.447840816905852,3,99.29164828123453
2.889150337860272,7.584109989090308,5,79.49181821985002
9.082488604966423,7.539543016070834,3,100.0
2.8462567643380643,7.756779600918663,1,71.93436304637966
2.716189485972999,5.756723060520085,1,69.8761737541731
1.328947010632854,7.265125786238835,1,60.86175279310718
5.248602505989993,6.381618491822421,4,93.77816088934802
6.083570199363548,7.525995658670185,3,92.96301679063446
1.5913777548551713,7.1854720314848395,1,63.849567203663284
7.9797485502550956,7.329342339499174,2,98.04910644263504
5.079599512732249,6.968485513043214,5,88.68060951269885
5.7195124239482205,5.5322863084091205,5,95.35007712186328
4.966864722444053,6.635080756690815,2,89.24248826411758
4.606867547877934,7.954009218573525,5,93.75436260593904
6.036762981773961,7.812164199491357,4,92.25624838276796
2.3971622133764123,5.129521207391035,4,76.58588191651347
2.63735317445744,5.494444447188311,0,59.30126079635486
8.756070589121656,5.395186320363686,0,90.9436223953681
9.515039159202695,7.177939729955886,0,100.0
4.359783846517777,7.453355989570835,5,92.07416152735115
3.436702058291984,5.640534098932016,4,77.43858648582346
6.795995889151142,6.517558078855487,4,98.18314743376874
4.678607539882868,7.5221090840336,4,92.5827430697636
1.2284772009431038,7.198404634298752,2,69.09573192773708
2.4053733762957132,6.626711616475545,4,81.03465937987245
7.443750059626578,6.771043071376319,2,100.0
6.930315477191362,6.52508164074884,0,90.13140863243784
1.2438639325313514,5.892645353956461,0,57.354400827356955
2.997749457396545,6.695065978577048,5,85.95682061750573
3.0796731692926427,7.066655906150272,0,70.9318263607793
7.047034692388555,7.619968747582423,5,100.0
1.1773948397892773,6.908874061937745,1,63.236378678036935
1.9369772378611647,7.283364611129474,1,64.51545310510305
8.199244768358703,5.480214904863719,3,97.87236442805518
2.6069019584890025,6.38467242325937,5,80.51250003573833
6.874714970666872,5.0279948594812796,3,93.87629479983605
3.1436450294205387,5.740036593564869,3,74.15997556543729
1.8949725348341064,7.1793851453390145,1,68.10365881067429
3.1885497189950867,7.97542985404809,5,93.13590601518918
7.500402386700932,5.297534298761648,1,85.86408837319318
8.701268212956572,6.204482947583864,3,100.0
8.471978781102925,7.400212906097479,5,100.0
4.5746517665660935,5.612106903886697,3,84.44943930660781
7.012766229135815,6.6652548479068585,4,99.10219674011192
2.844858658742389,7.199213888089025,5,83.1845414147485
3.6383295723491194,6.847956350780537,5,87.27606191633096
9.067022366690077,5.564074203846248,3,100.0
1.1170173115966242,6.066153706057218,4,65.15577001798786
1.7695767776902127,7.351375353456191,2,68.84888950343009
2.870976296314246,6.66267954239605,1,66.43093968177475
1.2387898348643773,5.015688840628738,3,67.1849061873203
2.632918915808176,7.282972280084282,5,77.13390383597508
6.247374048727229,5.105934064820717,1,87.53470151164525
4.792820955332481,7.237201348193697,1,82.72719647366024
9.034045399692774,5.607441680495712,1,100.0
8.356992055645968,7.87422044035814,2,97.04047155540262
4.076356165280884,6.103822253906253,0,71.60362701994225
3.3348109008816325,5.980794849014237,3,81.09633448841622
4.417231673505402,5.446664150997334,0,71.4236627324308
6.31265448263327,5.916812646470644,0,80.1627112562165
3.4125727674058863,7.629952285484602,0,70.4127581229815
6.617340170642207,7.989003012881742,1,91.85987401105649
4.684704869721164,6.104928591520546,4,85.07927018070849
5.968424627667822,6.345831892863628,1,89.23523862033424
4.92513876221785,7.166212814608211,1,81.76411685033449
3.650191835877259,7.658587341395224,5,86.90142581833297
9.53607976265941,6.779133002560353,5,100.0
7.872452147437848,6.174577094533488,0,93.16475474209304
2.261018581898073,6.237865522545871,1,68.1658228387162
8.816211783081215,7.086854439490421,0,95.87814107583284
5.386880784245623,5.009654790812836,5,85.24472641791135
9.050970042046822,6.858768012379522,4,100.0
8.198697303525837,6.066479031324072,3,100.0
4.8269215402231005,7.3825919938312525,0,79.90800519255501
1.2022237748810567,5.278971919469397,4,74.440586314263
3.4180962344645147,6.764606800845172,3,79.53919924288573
5.874707931947802,6.442918669658371,2,86.71786114852743
6.701303978435325,6.926976577715682,0,83.91850714466298
3.3209891688988207,5.194560783448905,0,66.05680203690676
2.254204666655417,6.739951362284394,2,71.2326581066928
8.514372131193692,6.684453763878571,2,100.0
9.85961962633197,6.681980283248513,0,100.0
5.731211640724172,6.810462999789364,2,89.77424089959742
2.5451135726347314,7.029403811679087,1,69.3799728720102
3.4507659386743206,7.414966999042309,3,78.96408195495579
1.1655160889272005,5.809462160384643,3,67.24652305675524
9.228689259044492,7.475148230540186,3,100.0
2.05975974601127,6.494767046790361,1,66.82782606225078
6.188648279628282,5.231174837402993,2,88.86783285366194
3.466496986184854,5.175652787731938,4,79.0344338380738
5.9876020226421405,6.002714956088182,2,86.05258069319166
6.862783495166778,7.354690931334403,0,82.46740879649798
8.467676233364815,7.123042804222747,5,100.0
2.8577914458454288,7.365844894017219,3,79.23054818799743
1.0989624579263242,6.551807169324828,2,65.88127847303564
2.2319706706192655,6.320596993866472,4,71.11699033349737
9.100167776632945,5.442357580118852,0,100.0
8.865010698062637,5.984578260827934,1,97.89855941211482
6.376717919532775,6.302058098521625,1,86.62131988660866
6.40465174390288,5.265801289038851,4,91.34700073133564
6.9853300709163,5.661835858133633,0,80.88948487682923
2.5783415076110465,6.794675882191216,3,78.95309823760836
9.229707513324637,7.20698934271757,2,100.0
4.768934724028658,7.9950425341788485,0,79.338174234441
4.448246754245477,7.799339994030673,1,78.80176004986969
5.670259347545538,6.927695598605575,4,93.07555542753607
1.4226937009754954,6.263744159882216,4,70.59211185453526
2.4965503188047147,6.908532094124698,2,68.70023661573418
7.642302547837334,7.356954854240696,4,100.0
1.7451880113261382,5.355008572770162,4,71.89526318097398
6.428368985197494,6.229714669088865,0,87.65574600711146
3.2081419871318886,7.519406856906851,3,80.12225614151428
4.503660526377789,6.151498855799132,2,76.0922452167889
3.598243630936299,6.71561681368156,0,72.48309537164064
4.201054448184542,6.763308082586595,3,82.76409672108664
7.471413146658209,5.553428759400918,0,92.57515233404447
3.6740954406085753,6.086706324956865,5,89.83226325908863
6.097641762672074,6.003533866225796,0,86.88863948261385
5.284453619791897,5.078590125596194,4,86.89468454403203
6.973040488263833,5.072575291674066,3,99.97991824467995
9.431467653922821,7.495091131027321,2,100.0
7.593148874892252,5.819212429918437,2,100.0
2.934463407316811,6.554236298716447,3,75.27293079252166
1.2806482155515622,5.896176720766319,4,69.29980430646157
3.360376398698426,7.822037735346021,1,76.26803952220043
6.355701376302293,5.777890276597321,0,83.78992026354791
1.462832321358253,6.288970438216805,4,75.65653831363238
5.467296224811127,7.618190751453806,5,96.8764746713179
6.371585640252003,7.5258007003754255,3,99.40337457294194
4.008195017352648,5.558304253538832,0,73.35428711523888
7.938209833712397,7.407929929387131,2,99.8667323715148
1.9593842782039461,6.374560660213678,1,67.51007256389403
1.6762400356222789,6.448906616256066,5,74.85921827012437
7.55369880583243,5.400439917247831,2,100.0
5.459421845855786,5.241804541271374,3,78.78772134859832
7.195621567849624,7.183817920921296,0,92.36457329457583
4.913446047433716,6.489383457065899,3,81.25220942346924
3.2176182991519613,6.310552107845538,0,68.03222560179668
8.371920859067798,7.188524685957191,4,100.0
8.194742910720812,7.296538696973329,1,100.0
7.252268237689841,5.476724503008061,4,97.13833355823466
3.449306235069664,6.830675448432924,4,86.8319178191995
6.312076001821784,5.406062246833057,3,87.83605458210064
4.248765072460241,7.254125258087138,1,82.79208504974008
1.8242386599397074,6.970865468801419,0,61.639887911590954
9.255822179160186,7.869843863250374,0,100.0
2.2313676782706526,5.206874049069263,5,75.56145050016057
9.552136184387223,5.171164163453763,2,100.0
5.014051956621602,5.8465612240796005,5,95.02660176096846
